id,gender,grade,Teacher,race,hispanic,disability,age_months,iq_1_nonverb,
385,0,0,505,9,1,13,77,,
386,1,0,506,3,0,1,62,111,
387,0,0,506,5,0,1,73,92,
388,0,0,506,5,1,8,72,122,
389,1,0,506,5,0,1,70,114,
390,1,0,506,5,0,1,62,121,
391,0,0,506,5,0,1,68,93,
392,0,0,506,5,0,1,71,106,
393,1,0,506,5,1,16,66,106,
394,1,0,506,5,1,1,70,121,
395,0,0,506,5,0,1,67,103,
396,1,0,506,5,0,1,71,122,
397,0,0,506,5,0,16,61,97,
398,1,0,506,1,1,1,72,95,
399,1,0,506,5,1,1,71,124,
400,1,0,506,5,1,1,66,106,
401,0,0,506,14,0,1,69,109,
402,0,0,506,5,0,1,66,103,
403,1,0,506,5,0,1,63,111,
404,0,0,506,5,0,1,71,119,
405,1,0,506,5,0,1,71,128,
406,0,0,506,5,0,1,68,117,
407,1,0,507,5,0,1,64,133,
408,1,0,507,1,1,1,64,126,
409,1,0,507,1,1,1,66,96,
410,1,0,507,5,0,1,61,114,
411,0,0,507,5,0,1,72,107,
412,0,0,507,3,1,1,68,93,
413,0,0,507,5,0,1,68,96,
414,1,0,507,5,0,1,70,106,
415,1,0,507,5,0,1,72,114,
416,1,0,507,5,1,1,66,129,
417,0,0,507,5,1,1,69,89,
418,0,0,507,5,0,1,67,119,
419,1,0,507,5,1,1,64,119,
420,0,0,507,5,1,1,61,114,
421,0,0,507,5,0,1,61,93,
422,1,0,507,5,0,1,64,114,
423,0,0,507,3,0,1,67,109,
424,1,0,507,14,0,1,69,114,
425,0,0,507,5,0,1,70,96,
426,1,0,507,5,0,1,63,129,
427,0,0,507,5,0,1,75,126,
428,0,0,508,5,0,1,64,119,
429,1,0,508,5,0,1,71,103,
430,0,0,508,5,0,1,69,68,
431,0,0,508,5,0,1,69,74,
432,0,0,508,5,0,1,68,103,
433,0,0,508,3,0,1,67,93,
434,1,0,508,5,0,1,65,97,
435,0,0,508,5,0,1,67,,
436,0,0,508,5,0,1,66,96,
437,0,0,508,5,0,1,65,84,
438,0,0,508,5,0,1,72,88,
439,1,0,508,5,0,1,66,89,
440,1,0,508,5,1,1,70,109,
441,0,0,508,5,1,1,64,,
442,1,0,508,5,0,1,66,89,
443,0,0,508,5,0,1,63,89,
444,0,0,508,5,0,1,66,96,
445,1,0,508,5,0,1,69,100,
446,0,0,508,5,0,1,71,114,
447,0,0,508,3,0,1,75,,
448,1,0,508,5,1,1,72,,
449,1,0,806,14,0,1,63,101,
531,1,0,704,5,0,1,66,106,
532,1,0,704,5,0,1,68,114,
533,0,0,704,5,0,1,71,103,
534,0,0,704,5,0,1,78,99,
535,0,0,704,5,0,1,68,106,
536,1,0,704,5,0,1,71,112,
537,0,0,704,5,0,1,70,109,
538,1,0,704,5,0,1,69,125,
539,1,0,704,5,0,1,61,117,
540,1,0,704,5,0,1,62,124,
541,0,0,704,5,0,1,63,124,
542,0,0,704,5,0,1,68,121,
543,0,0,704,5,0,1,62,121,
544,1,0,704,14,0,1,71,119,
545,0,0,704,5,0,1,61,119,
546,0,0,704,5,0,1,71,93,
547,1,0,704,5,0,1,61,124,
548,1,0,704,3,0,1,71,96,
549,1,0,704,3,0,1,69,112,
550,0,0,704,5,0,1,71,80,
551,0,0,705,5,0,1,68,103,
552,1,0,705,14,0,1,61,123,
553,0,0,705,5,0,1,66,114,
554,0,0,705,5,0,1,62,121,
555,0,0,705,5,1,1,71,117,
556,1,0,705,5,0,1,72,116,
557,0,0,705,6,1,1,71,117,
558,0,0,705,5,0,1,65,125,
559,0,0,705,5,0,1,66,114,
560,0,0,705,5,0,1,67,114,
561,0,0,705,3,0,1,70,117,
562,0,0,705,5,0,1,63,114,
563,1,0,705,5,0,1,69,129,
564,1,0,705,3,0,1,71,100,
565,0,0,705,5,1,1,62,124,
566,1,0,705,5,1,1,64,126,
567,1,0,705,5,0,1,61,119,
568,0,0,705,5,0,1,68,103,
569,1,0,705,5,0,1,63,131,
570,1,0,705,5,0,10,71,122,
571,0,0,706,5,0,4,71,103,
572,1,0,706,5,0,1,62,119,
573,1,0,706,5,1,1,62,126,
574,0,0,706,5,0,1,71,100,
575,1,0,706,9,0,1,65,114,
576,1,0,706,5,0,1,61,135,
577,1,0,706,5,0,1,67,114,
578,0,0,706,5,0,1,65,89,
579,0,0,706,5,0,1,66,114,
580,1,0,706,5,0,1,66,64,
581,0,0,706,3,0,1,64,123,
582,1,0,706,12,0,1,70,122,
583,0,0,706,5,0,1,71,119,
584,0,0,706,5,0,1,61,108,
585,0,0,706,14,0,1,65,97,
586,0,0,706,3,0,1,72,114,
587,0,0,706,5,0,13,61,101,
588,0,0,706,5,0,1,69,125,
589,1,0,706,5,0,1,71,106,
590,1,0,706,14,0,1,73,109,
664,0,0,805,3,0,1,70,64,
665,0,0,805,5,0,1,70,100,
666,1,0,805,5,0,1,66,114,
667,0,0,805,5,0,1,65,105,
668,0,0,805,5,1,1,64,101,
669,1,0,805,5,0,1,69,132,
670,1,0,805,5,1,1,64,97,
671,0,0,805,5,1,1,63,93,
672,1,0,805,5,0,1,61,108,
673,1,0,805,5,0,1,63,114,
674,0,0,805,5,1,1,68,84,
675,1,0,805,5,0,1,65,114,
676,0,0,805,3,0,1,63,114,
677,1,0,805,5,0,1,61,108,
678,0,0,805,5,0,1,62,97,
679,0,0,805,5,1,1,72,95,
680,0,0,805,5,1,1,72,69,
681,0,0,805,5,0,1,67,117,
682,0,0,805,14,0,1,62,105,
683,1,0,805,5,0,1,69,96,
684,1,0,805,5,0,1,74,,
685,1,0,806,5,1,1,66,125,
686,1,0,806,5,0,1,70,130,
687,0,0,806,5,0,1,68,96,
688,0,0,806,3,1,1,67,93,
689,1,0,806,5,0,1,71,138,
690,1,0,806,5,1,1,71,119,
691,1,0,806,5,0,1,71,138,
692,1,0,806,5,1,1,62,117,
693,0,0,806,5,0,1,65,121,
694,0,0,806,5,1,1,72,63,
695,1,0,806,5,0,1,64,121,
696,0,0,806,5,0,1,64,105,
697,1,0,806,5,0,1,69,119,
698,0,0,806,5,0,1,68,132,
699,0,0,806,14,0,1,61,101,
700,0,0,806,5,0,1,72,104,
701,1,0,806,5,0,1,65,117,
702,0,0,806,3,0,1,74,92,
703,0,0,806,5,1,1,79,,
704,0,0,807,3,0,1,66,68,
705,0,0,807,5,0,16,73,116,
706,1,0,807,3,0,1,64,129,
707,1,0,807,5,1,1,63,123,
708,1,0,807,5,0,1,67,119,
709,1,0,807,5,0,1,64,147,
710,1,0,807,5,0,1,61,,
711,1,0,807,3,0,1,61,101,
712,0,0,807,5,0,8,62,93,
713,0,0,807,5,0,8,63,133,
714,1,0,807,5,1,1,62,,
715,0,0,807,5,0,10,64,119,
716,1,0,807,1,1,1,72,101,
717,1,0,807,5,0,1,66,124,
718,0,0,807,5,0,1,63,121,
719,0,0,807,5,1,1,66,112,
720,0,0,807,5,0,1,75,84,
721,1,0,807,14,0,1,65,65,
722,0,0,807,3,0,1,74,88,
723,1,0,807,5,0,1,74,,
724,0,0,807,1,1,10,76,,
725,1,0,808,5,0,1,73,107,
726,1,0,808,5,0,1,69,96,
727,1,0,808,5,0,1,71,124,
728,1,0,808,5,0,1,70,109,
729,0,0,808,5,0,1,65,111,
730,0,0,808,5,0,1,65,114,
731,0,0,808,5,0,1,68,84,
732,1,0,808,5,0,1,69,122,
733,0,0,808,5,0,1,61,105,
734,1,0,808,5,0,10,63,126,
735,1,0,808,5,0,1,71,112,
736,0,0,808,14,0,1,65,114,
737,0,0,808,5,0,1,67,112,
738,0,0,808,5,0,1,71,96,
739,0,0,808,3,0,1,73,92,
740,1,0,808,5,0,1,71,96,
741,1,0,808,5,0,1,64,117,
742,1,0,808,5,0,1,66,119,
743,0,0,808,5,0,1,68,124,
744,0,0,808,5,0,1,66,106,
745,0,0,808,12,0,1,69,,
840,1,0,1103,5,0,1,72,112,
841,0,0,1103,5,1,1,69,100,
842,1,0,1103,5,0,1,64,126,
843,1,0,1103,5,1,1,61,97,
844,1,0,1103,5,0,1,66,124,
845,0,0,1103,5,0,1,76,118,
846,1,0,1103,5,0,1,69,119,
847,1,0,1103,5,1,1,69,119,
848,0,0,1103,5,0,1,66,106,
849,1,0,1103,5,0,1,69,122,
850,1,0,1103,5,0,1,64,101,
851,1,0,1103,5,0,1,68,121,
852,0,0,1103,5,0,1,69,117,
853,0,0,1103,5,0,1,61,123,
854,0,0,1103,5,0,1,73,101,
855,1,0,1103,3,0,1,70,103,
856,1,0,1103,5,0,1,72,109,
857,1,0,1103,5,1,1,71,119,
858,0,0,1103,5,0,1,65,108,
859,0,0,1103,5,1,1,72,122,
860,1,0,1103,3,0,1,72,116,
861,0,0,1103,5,0,1,68,117,
862,0,0,1103,5,0,1,66,117,
863,1,0,1108,5,1,1,61,111,
864,0,0,1108,5,1,1,68,109,
865,0,0,1108,5,1,1,64,89,
866,1,0,1108,5,1,1,69,121,
867,1,0,1108,1,1,1,62,111,
868,0,0,1108,14,0,1,71,117,
869,0,0,1108,5,1,1,71,128,
870,0,0,1108,5,0,1,67,125,
871,1,0,1108,5,0,1,69,117,
872,1,0,1108,5,0,1,64,123,
873,1,0,1108,5,0,1,66,117,
874,1,0,1108,5,0,1,67,112,
875,1,0,1108,3,0,1,72,122,
876,1,0,1108,5,0,1,66,,
877,1,0,1108,5,0,1,72,116,
878,1,0,1108,5,0,1,76,95,
879,0,0,1108,5,1,1,70,106,
880,0,0,1108,5,0,1,63,105,
881,1,0,1108,5,1,1,69,119,
882,1,0,1108,5,1,1,65,97,
883,0,0,1108,5,1,1,70,122,
884,0,0,1108,5,1,1,72,107,
885,1,0,1108,5,0,1,72,95,
933,1,0,205,5,0,10,69,117,
934,1,0,205,5,1,1,71,119,
935,0,0,205,5,0,1,71,117,
936,1,0,205,3,1,1,60,105,
937,1,0,205,3,0,1,62,119,
938,0,0,205,5,0,1,68,117,
939,1,0,205,14,0,1,62,,
940,1,0,205,5,0,1,70,126,
941,0,0,205,5,0,1,61,,
942,1,0,205,14,0,1,64,133,
943,1,0,205,5,0,1,72,118,
944,0,0,205,5,0,1,72,112,
945,1,0,205,5,1,1,62,117,
946,0,0,205,5,1,1,68,100,
947,1,0,205,5,0,1,76,107,
948,0,0,205,16,0,10,69,125,
949,0,0,205,5,1,1,65,101,
950,0,0,205,5,0,1,61,108,
951,1,0,205,1,1,1,75,,
952,0,0,206,5,0,10,69,66,
953,0,0,206,3,0,1,62,97,
954,1,0,206,5,1,1,70,124,
955,1,0,206,5,1,1,61,84,
956,1,0,206,5,1,1,61,105,
957,1,0,206,2,0,1,60,111,
958,1,0,206,5,0,10,66,103,
959,0,0,206,5,0,10,66,,
960,1,0,206,5,0,1,60,127,
961,1,0,206,5,0,1,64,123,
962,0,0,206,3,0,1,72,109,
963,0,0,206,5,0,16,63,117,
964,0,0,206,5,1,1,68,119,
965,1,0,206,5,1,1,71,114,
966,0,0,206,5,0,1,62,97,
967,0,0,206,5,0,1,64,119,
968,1,0,206,5,1,1,64,121,
969,0,0,206,5,0,1,77,,
970,1,0,206,5,1,1,79,,
971,0,0,207,5,0,1,67,106,
972,0,0,207,3,0,1,70,112,
973,1,0,207,3,0,1,64,97,
974,0,0,207,5,0,1,71,106,
975,1,0,207,5,0,1,69,136,
976,1,0,207,5,0,1,64,108,
977,1,0,207,5,0,1,72,95,
978,1,0,207,5,0,1,60,125,
979,0,0,207,5,0,1,70,119,
980,1,0,207,3,0,1,67,119,
981,1,0,207,5,0,1,73,126,
982,0,0,207,5,0,1,70,64,
983,0,0,207,5,0,1,64,108,
984,0,0,207,5,0,1,72,75,
985,1,0,207,5,0,1,69,126,
986,1,0,207,5,0,10,67,103,
987,1,0,207,5,0,10,63,101,
988,1,0,207,5,0,1,67,121,
989,0,0,207,5,0,1,70,,
990,1,0,207,5,1,1,79,,
991,0,0,208,5,0,1,66,117,
992,1,0,208,5,0,1,62,111,
993,1,0,208,3,0,1,60,124,
994,1,0,208,14,0,1,62,84,
995,0,0,208,5,0,1,70,122,
996,1,0,208,5,0,10,66,112,
997,0,0,208,3,0,1,69,100,
998,0,0,208,5,0,15,73,109,
999,0,0,208,3,0,1,66,96,
1000,1,0,208,5,0,1,62,114,
1001,1,0,208,5,0,1,62,125,
1002,0,0,208,5,0,1,70,117,
1003,1,0,208,5,0,1,61,123,
1004,1,0,208,3,0,1,71,128,
1005,0,0,208,5,0,1,66,103,
1006,1,0,208,3,0,10,67,117,
1007,0,0,208,5,0,1,60,114,
1008,1,0,208,3,0,1,71,112,
354,1,1,204,5,0,1,73,124,
355,1,1,204,16,0,1,81,125,
356,0,1,204,5,1,1,82,83,
357,0,1,204,3,0,1,72,112,
358,1,1,204,5,0,1,83,116,
359,1,1,204,5,0,1,74,112,
360,0,1,204,5,0,1,75,84,
361,0,1,204,3,1,1,81,109,
362,0,1,204,5,0,1,82,126,
363,0,1,204,5,0,1,86,107,
450,1,1,503,1,1,1,71,106,
451,1,1,503,3,0,1,82,114,
452,1,1,503,5,1,1,74,104,
453,0,1,503,5,1,1,77,112,
454,0,1,503,5,0,1,79,118,
455,1,1,503,5,0,1,74,128,
456,0,1,503,5,0,1,80,102,
457,1,1,503,5,0,1,79,120,
458,0,1,503,5,0,10,77,116,
459,0,1,503,5,1,1,79,116,
460,0,1,503,5,0,1,79,130,
461,0,1,503,5,0,1,77,125,
462,1,1,503,5,1,1,73,,
463,0,1,503,5,0,1,83,125,
464,0,1,503,5,0,1,75,116,
465,0,1,503,5,0,1,76,128,
466,0,1,503,3,0,1,79,116,
467,0,1,503,5,1,1,82,130,
468,0,1,504,5,0,1,76,112,
469,0,1,504,5,1,1,71,121,
470,1,1,504,5,0,1,73,107,
471,1,1,504,5,0,1,82,133,
472,1,1,504,5,0,1,74,112,
473,1,1,504,5,0,1,71,129,
474,0,1,504,5,0,1,78,122,
475,0,1,504,5,0,1,73,80,
476,1,1,504,5,1,1,73,120,
477,0,1,504,5,1,1,71,114,
478,1,1,504,5,1,1,82,133,
479,0,1,504,1,1,1,71,,
480,1,1,504,14,0,1,82,118,
481,0,1,504,5,0,1,72,116,
482,1,1,504,5,0,1,73,135,
483,1,1,504,5,0,1,79,109,
484,0,1,504,5,0,1,76,114,
485,0,1,504,5,0,1,79,120,
486,0,1,504,5,1,1,89,,
487,1,1,505,5,0,13,78,70,
488,0,1,505,5,0,13,83,114,
489,0,1,511,5,1,1,82,153,
490,0,1,514,5,0,1,81,120,
491,1,1,514,5,0,1,77,112,
492,1,1,514,5,0,10,71,121,
493,0,1,514,5,0,1,72,114,
494,1,1,514,5,1,1,71,124,
495,1,1,514,5,1,1,81,129,
496,0,1,514,5,1,1,73,,
497,0,1,514,5,0,1,74,124,
498,0,1,514,5,1,10,74,101,
499,1,1,514,2,0,1,69,125,
500,0,1,514,5,0,1,79,123,
501,1,1,514,5,0,1,81,135,
502,0,1,514,5,0,1,73,120,
503,1,1,514,14,0,1,72,125,
504,0,1,514,5,0,1,74,125,
505,1,1,514,3,0,10,88,,
506,1,1,514,5,1,1,85,,
507,1,1,514,1,1,1,89,,
508,1,1,515,5,1,1,74,114,
509,0,1,515,5,0,1,72,104,
510,1,1,515,5,0,1,80,116,
511,1,1,515,5,0,1,73,120,
512,0,1,515,5,0,1,79,123,
513,1,1,515,5,0,1,79,99,
514,0,1,515,5,1,1,73,95,
515,0,1,515,5,1,1,78,96,
516,0,1,515,5,0,1,82,93,
517,1,1,515,3,0,1,77,,
518,1,1,515,5,0,1,73,116,
519,1,1,515,5,1,1,80,114,
520,0,1,515,16,1,1,82,109,
521,0,1,515,14,0,1,75,67,
522,0,1,515,5,0,1,73,98,
523,1,1,515,5,0,1,81,107,
524,0,1,515,3,0,1,79,102,
525,0,1,601,16,0,1,71,109,
526,1,1,601,5,0,10,83,109,
591,1,1,701,5,0,1,72,128,
592,1,1,701,5,1,1,74,124,
593,1,1,701,5,0,1,73,130,
594,0,1,701,5,0,1,73,139,
595,0,1,701,5,0,1,73,92,
596,0,1,701,5,0,1,73,125,
597,0,1,701,5,0,10,72,124,
598,1,1,701,5,0,1,75,118,
599,1,1,701,5,0,1,80,123,
600,1,1,701,3,0,1,73,143,
601,0,1,701,5,0,1,82,120,
602,1,1,701,3,0,1,79,109,
603,0,1,701,3,0,1,83,96,
604,0,1,701,5,0,1,77,109,
605,0,1,701,5,0,1,77,112,
606,1,1,701,5,0,1,74,114,
607,1,1,701,5,0,1,78,122,
608,0,1,701,5,0,1,80,132,
609,0,1,701,5,0,1,77,132,
610,0,1,701,3,0,1,80,133,
611,1,1,701,5,0,1,83,118,
612,0,1,701,5,0,1,81,,
613,1,1,701,5,0,1,88,,
614,0,1,702,5,0,1,82,122,
615,0,1,702,5,0,1,77,116,
616,1,1,702,5,0,16,82,105,
617,0,1,702,5,0,1,82,,
618,1,1,702,5,0,1,73,118,
619,1,1,702,5,0,1,72,109,
620,1,1,702,5,0,1,81,112,
621,1,1,702,3,0,1,79,116,
622,0,1,702,5,0,1,82,112,
623,1,1,702,5,0,1,78,109,
624,1,1,702,5,0,1,83,102,
625,1,1,702,5,0,1,83,118,
626,1,1,702,5,1,1,81,125,
627,0,1,702,5,0,1,81,125,
628,1,1,702,14,0,1,78,118,
629,1,1,702,3,0,1,74,109,
630,0,1,702,5,0,1,81,123,
631,0,1,702,5,0,1,82,99,
632,1,1,702,5,1,1,74,125,
633,0,1,702,5,1,1,78,126,
634,1,1,702,5,0,1,74,109,
635,0,1,702,5,0,1,83,118,
636,0,1,713,5,0,1,82,112,
637,1,1,713,5,0,1,79,122,
638,1,1,713,5,0,1,76,109,
639,0,1,713,5,0,1,74,92,
640,0,1,713,5,1,1,79,87,
641,1,1,713,5,0,1,74,130,
642,0,1,713,5,0,1,76,109,
643,0,1,713,5,0,1,84,122,
644,1,1,713,5,0,1,81,114,
645,1,1,713,5,1,1,79,118,
646,0,1,713,5,0,1,81,120,
647,1,1,713,3,0,1,80,125,
648,0,1,713,5,1,11,72,101,
649,0,1,713,3,0,1,77,98,
650,0,1,713,5,0,1,73,109,
651,0,1,713,5,0,1,83,118,
652,1,1,713,3,0,1,80,130,
653,1,1,713,5,0,1,74,128,
654,0,1,713,5,0,1,77,114,
655,1,1,713,5,0,1,76,112,
656,1,1,713,5,0,1,72,109,
657,1,1,713,5,0,1,75,129,
746,1,1,608,3,0,1,79,87,
747,1,1,801,5,0,1,80,132,
748,1,1,801,5,0,10,83,112,
749,1,1,801,5,0,1,77,130,
750,1,1,801,5,0,1,75,145,
751,0,1,801,5,0,1,82,96,
752,0,1,801,5,0,1,71,119,
753,1,1,801,5,0,1,75,116,
754,0,1,801,5,0,1,81,114,
755,1,1,801,3,0,1,82,105,
756,0,1,801,3,0,8,72,109,
757,0,1,801,3,0,1,78,133,
758,0,1,801,3,0,1,77,143,
759,1,1,801,5,1,1,82,109,
760,0,1,801,5,0,11,86,92,
761,0,1,801,5,0,16,77,116,
762,0,1,801,3,0,1,89,103,
763,1,1,801,5,0,1,78,125,
764,0,1,801,5,0,1,76,98,
765,1,1,801,5,0,1,71,121,
766,0,1,801,5,0,1,78,122,
767,1,1,801,5,1,1,76,109,
768,1,1,801,5,0,1,80,,
769,0,1,801,5,1,1,90,,
770,1,1,802,5,0,1,81,128,
771,1,1,802,5,0,1,83,126,
772,1,1,802,5,0,1,81,125,
773,1,1,802,5,0,1,76,109,
774,0,1,802,5,0,1,82,96,
775,1,1,802,3,0,1,83,62,
776,1,1,802,3,0,1,82,135,
777,0,1,802,5,0,1,74,116,
778,0,1,802,5,0,1,78,123,
779,0,1,802,3,1,1,75,122,
780,0,1,802,5,0,1,85,105,
781,0,1,802,5,0,1,76,104,
782,1,1,802,5,0,1,83,114,
783,1,1,802,5,0,1,74,124,
784,1,1,802,5,0,1,75,114,
785,0,1,802,5,0,1,74,107,
786,0,1,802,5,0,1,76,137,
787,0,1,802,5,0,1,77,104,
788,0,1,802,5,1,1,73,114,
789,1,1,802,3,0,1,79,120,
790,0,1,802,5,0,1,84,112,
791,0,1,802,3,0,1,80,112,
792,1,1,803,5,0,1,75,120,
793,1,1,803,5,0,1,74,129,
794,0,1,803,14,0,1,76,114,
795,0,1,803,3,0,1,74,63,
796,0,1,803,5,0,1,77,125,
797,0,1,803,5,0,1,85,103,
798,0,1,803,3,0,1,73,125,
799,0,1,803,5,0,1,73,122,
800,0,1,803,5,0,1,72,98,
801,1,1,803,5,0,16,83,123,
802,0,1,803,5,1,1,86,116,
803,1,1,803,14,0,1,74,120,
804,0,1,803,5,0,1,74,116,
805,1,1,803,5,1,1,74,125,
806,0,1,803,5,1,1,82,109,
807,1,1,803,5,0,1,74,125,
808,1,1,803,5,0,1,79,112,
809,1,1,803,5,0,1,80,112,
810,1,1,803,5,0,1,78,125,
811,1,1,803,5,1,1,77,139,
812,0,1,803,16,1,1,74,112,
813,1,1,803,5,1,1,75,112,
814,0,1,803,5,0,1,91,116,
815,1,1,803,5,0,1,77,149,
816,0,1,804,5,0,1,74,114,
817,0,1,804,5,0,10,75,126,
818,0,1,804,3,0,1,72,114,
819,0,1,804,5,0,1,75,118,
820,0,1,804,5,1,1,74,126,
821,0,1,804,5,0,1,74,116,
822,1,1,804,3,0,1,83,99,
823,0,1,804,5,0,1,83,109,
824,1,1,804,5,0,1,78,105,
825,0,1,804,5,0,1,74,112,
826,1,1,804,5,0,1,75,120,
827,1,1,804,5,0,1,72,116,
828,0,1,804,5,0,1,78,102,
829,1,1,804,14,0,1,83,125,
830,0,1,804,5,0,1,77,114,
831,1,1,804,5,0,1,74,114,
832,0,1,804,5,1,1,81,126,
833,0,1,804,5,1,1,75,128,
834,1,1,804,5,0,1,77,120,
835,1,1,804,5,0,1,76,125,
836,0,1,804,5,1,1,81,118,
837,1,1,804,5,0,1,81,123,
838,0,1,804,5,1,1,86,107,
839,1,1,804,1,1,1,90,,
886,0,1,1102,5,1,1,74,116,
887,0,1,1102,5,1,1,79,118,
888,1,1,1102,5,1,1,76,101,
889,1,1,1102,5,1,1,80,107,
890,1,1,1102,5,1,1,74,130,
891,0,1,1102,5,1,1,77,109,
892,1,1,1102,5,1,1,73,128,
893,0,1,1102,1,1,1,75,120,
894,0,1,1102,5,0,1,75,112,
895,1,1,1102,5,0,1,73,114,
896,1,1,1102,5,0,1,76,126,
897,0,1,1102,5,0,1,75,107,
898,0,1,1102,5,1,1,77,128,
899,1,1,1102,5,0,1,76,129,
900,0,1,1102,5,1,1,71,126,
901,0,1,1102,5,0,1,72,92,
902,0,1,1102,5,1,1,72,118,
903,0,1,1102,5,0,1,77,120,
904,0,1,1102,5,0,1,79,118,
905,0,1,1102,1,1,1,76,114,
906,1,1,1102,5,0,1,78,132,
907,0,1,1102,5,0,1,75,,
908,1,1,1102,5,0,1,82,125,
909,1,1,1102,5,1,1,93,,
910,1,1,1104,5,1,1,75,126,
911,0,1,1104,5,0,1,75,120,
912,1,1,1104,5,1,1,72,126,
913,0,1,1104,1,1,10,73,107,
914,1,1,1104,5,0,1,73,112,
915,1,1,1104,5,0,1,79,107,
916,1,1,1104,3,0,1,82,102,
917,1,1,1104,5,1,1,80,132,
918,1,1,1104,5,0,5,80,126,
919,0,1,1104,5,0,1,74,116,
920,0,1,1104,5,0,1,78,118,
921,0,1,1104,5,1,1,78,102,
922,0,1,1104,5,1,10,82,102,
923,0,1,1104,5,1,1,74,120,
924,1,1,1104,5,1,1,72,112,
925,0,1,1104,3,0,16,73,116,
926,1,1,1104,5,0,1,84,95,
927,0,1,1104,14,0,1,75,107,
928,0,1,1104,5,1,1,72,118,
929,0,1,1104,5,0,1,83,109,
930,0,1,1104,14,0,1,83,129,
931,1,1,1104,5,0,1,74,128,
932,1,1,1104,5,0,1,80,123,
1009,0,1,201,5,0,1,80,109,
1010,1,1,201,14,0,1,80,123,
1011,0,1,201,3,0,1,80,114,
1012,1,1,201,14,0,1,74,130,
1013,0,1,201,5,0,1,77,114,
1014,1,1,201,3,0,1,78,112,
1015,0,1,201,5,1,1,79,118,
1016,0,1,201,5,0,1,83,123,
1017,1,1,201,14,0,1,77,122,
1018,0,1,201,14,0,1,82,118,
1019,0,1,201,3,0,1,77,92,
1020,1,1,201,5,0,10,87,105,
1021,1,1,201,5,0,1,83,132,
1022,1,1,201,5,0,1,80,122,
1023,1,1,201,2,0,1,76,118,
1024,0,1,201,5,0,1,79,118,
1025,1,1,201,3,0,1,75,133,
1026,0,1,201,5,1,1,85,114,
1027,1,1,201,5,1,1,83,132,
1028,0,1,201,14,0,1,83,109,
1029,0,1,201,5,0,1,82,62,
1030,1,1,201,5,0,1,83,125,
1031,0,1,201,2,0,1,82,133,
1032,1,1,202,5,0,1,81,116,
1033,0,1,202,14,0,1,73,118,
1034,1,1,202,3,0,1,75,118,
1035,0,1,202,5,0,1,75,109,
1036,0,1,202,3,0,1,76,80,
1037,1,1,202,5,0,1,73,118,
1038,0,1,202,5,0,1,79,116,
1039,0,1,202,5,1,10,91,121,
1040,0,1,202,5,0,16,86,97,
1041,1,1,202,5,0,1,75,120,
1042,1,1,202,5,0,1,79,123,
1043,1,1,202,5,0,1,75,107,
1044,1,1,202,5,0,1,72,130,
1045,0,1,202,5,0,1,78,116,
1046,0,1,202,3,0,11,77,107,
1047,0,1,202,5,0,16,74,118,
1048,0,1,202,5,0,1,78,129,
1049,1,1,202,5,0,1,82,118,
1050,0,1,202,5,0,1,77,128,
1051,1,1,202,5,0,1,81,112,
1052,1,1,202,5,0,1,74,130,
1053,0,1,202,3,0,1,80,,
1054,1,1,203,3,0,1,73,107,
1055,1,1,203,3,0,1,81,105,
1056,1,1,203,14,0,1,76,120,
1057,0,1,203,5,0,1,84,133,
1058,0,1,203,5,1,5,72,116,
1059,0,1,203,14,0,16,83,126,
1060,0,1,203,3,0,1,75,104,
1061,1,1,203,5,0,1,81,102,
1062,0,1,203,1,1,1,80,114,
1063,0,1,203,3,0,1,79,109,
1064,1,1,203,5,1,1,83,138,
1065,1,1,203,3,0,1,76,118,
1066,0,1,203,3,0,1,80,118,
1067,1,1,203,5,0,1,82,135,
1068,0,1,203,5,0,1,73,122,
1069,1,1,203,3,0,1,79,125,
1070,1,1,203,5,0,1,73,107,
1071,1,1,203,5,1,1,73,126,
1072,0,1,203,5,0,1,77,133,
1073,0,1,203,5,0,1,78,123,
1074,1,1,203,3,0,1,87,,
1075,1,1,204,5,0,1,79,116,
1076,1,1,204,2,1,1,79,126,
1077,0,1,204,3,0,1,86,82,
1078,0,1,204,3,0,1,80,96,
1079,0,1,204,5,0,1,72,101,
1080,1,1,204,5,0,1,72,124,
1081,0,1,204,3,0,1,81,66,
1082,1,1,204,3,0,1,76,122,
1083,1,1,204,3,0,1,82,109,
1084,0,1,204,1,0,1,81,105,
1085,0,1,204,5,0,1,72,120,
1086,1,1,204,5,0,1,75,98,
1087,0,1,204,5,1,1,82,107,
1088,1,1,204,5,0,1,83,114,
1089,,1,402,,,,,,
1090,,1,1002,,,,,,
1,0,2,714,5,0,1,93,128,
2,0,2,714,12,0,10,97,,
3,0,2,715,5,0,1,90,116,
4,1,2,703,5,0,1,89,114,
5,1,2,816,5,0,1,91,121,
6,1,2,816,5,0,1,84,123,
7,1,2,817,5,0,1,92,123,
8,0,2,1109,5,0,1,88,107,
9,1,2,511,5,0,1,93,140,
10,0,2,516,5,0,1,87,110,
11,0,2,519,5,0,1,91,114,
12,1,2,711,5,0,1,94,128,
13,0,2,714,5,0,1,94,116,
14,1,2,703,5,0,1,89,128,
15,0,2,815,5,0,1,89,110,
16,0,2,815,5,0,1,90,125,
17,0,2,817,5,0,1,89,122,
18,1,2,1110,5,0,1,90,131,
19,1,2,511,5,0,1,93,137,
20,1,2,511,5,0,1,91,132,
21,1,2,516,5,1,1,85,116,
22,1,2,517,5,0,1,91,98,
23,0,2,517,5,1,1,94,125,
24,1,2,711,5,0,1,85,118,
25,1,2,714,5,0,1,97,105,
26,1,2,714,5,0,1,89,133,
27,1,2,714,5,0,1,83,,
28,1,2,715,5,0,1,92,126,
29,1,2,715,5,0,1,95,114,
30,0,2,703,5,0,1,93,114,
31,0,2,816,5,0,1,89,100,
32,0,2,1109,5,0,1,94,100,
33,1,2,511,14,0,1,86,142,
34,1,2,516,5,0,1,91,131,
35,1,2,711,5,0,1,88,126,
36,1,2,711,14,0,1,91,125,
37,0,2,711,15,0,1,95,87,
38,0,2,711,5,0,1,95,103,
39,1,2,715,5,0,1,87,133,
40,1,2,715,5,0,1,99,133,
41,1,2,703,5,0,1,91,103,
42,1,2,815,5,1,1,93,121,
43,0,2,816,5,0,1,86,136,
44,0,2,816,5,0,1,84,122,
45,1,2,817,5,0,1,89,107,
46,0,2,817,14,0,1,90,116,
47,0,2,1110,5,1,1,87,71,
48,1,2,1110,5,0,1,92,112,
49,0,2,511,5,1,1,84,132,
50,1,2,516,3,0,10,92,125,
51,1,2,516,5,0,1,89,125,
52,0,2,516,5,1,1,92,131,
53,0,2,711,5,0,1,87,105,
54,0,2,711,9,0,16,89,120,
55,1,2,714,5,0,1,84,130,
56,0,2,715,5,0,1,92,95,
57,0,2,715,5,0,1,87,97,
58,1,2,715,5,0,1,91,123,
59,0,2,703,5,0,1,90,98,
60,1,2,703,5,0,1,84,112,
61,0,2,816,5,0,1,89,126,
62,1,2,816,5,0,1,95,126,
63,0,2,817,5,0,1,92,100,
64,0,2,817,5,0,1,93,112,
65,1,2,817,3,0,1,94,110,
66,0,2,1109,5,0,11,93,103,
67,0,2,1109,5,0,1,88,122,
68,0,2,517,5,1,1,86,125,
69,0,2,517,5,0,1,85,126,
70,1,2,711,5,0,1,92,114,
71,0,2,715,5,0,1,93,90,
72,0,2,703,5,0,16,92,105,
73,1,2,703,5,0,1,85,112,
74,1,2,703,5,0,1,83,132,
75,1,2,816,5,0,1,96,125,
76,1,2,1109,16,1,1,91,120,
77,1,2,511,5,0,1,84,128,
78,1,2,516,5,0,1,86,110,
79,0,2,517,14,0,1,87,122,
80,0,2,517,5,0,1,87,97,
81,0,2,711,5,0,1,86,105,
82,0,2,714,9,0,1,84,,
83,1,2,715,5,0,1,92,116,
84,0,2,715,5,0,1,90,95,
85,0,2,703,5,0,1,84,126,
86,0,2,815,5,0,1,90,95,
87,1,2,816,5,0,1,90,110,
88,1,2,817,5,0,1,88,128,
89,0,2,1109,5,0,1,89,114,
90,0,2,1110,5,1,1,88,125,
91,0,2,511,5,0,1,84,123,
92,0,2,516,12,0,1,84,82,
93,0,2,516,5,0,1,86,120,
94,1,2,517,5,0,1,92,132,
95,1,2,519,5,0,1,88,122,
96,1,2,711,5,0,10,87,118,
97,0,2,714,5,0,16,94,98,
98,0,2,715,3,0,16,90,81,
99,0,2,703,5,0,1,92,121,
100,1,2,703,3,0,1,86,133,
101,0,2,815,3,0,1,94,,
102,1,2,816,5,0,1,103,,
103,0,2,1109,16,1,1,85,107,
104,1,2,1110,5,1,1,86,114,
105,0,2,511,5,1,1,92,118,
106,1,2,511,1,1,1,96,121,
107,0,2,517,14,0,13,92,118,
108,0,2,517,5,0,1,87,130,
109,1,2,517,5,0,1,92,114,
110,1,2,517,5,0,1,85,135,
111,0,2,711,5,0,1,100,107,
112,1,2,711,5,0,1,86,135,
113,0,2,703,3,0,1,83,109,
114,1,2,815,5,0,1,90,105,
115,0,2,816,5,0,1,86,112,
116,0,2,1109,14,0,1,94,84,
117,1,2,1109,5,1,1,96,101,
118,0,2,1110,3,0,1,94,105,
119,1,2,511,5,1,1,84,114,
120,0,2,516,5,0,1,93,103,
121,0,2,519,5,0,10,92,116,
122,0,2,711,1,1,1,91,120,
123,0,2,711,5,0,1,85,114,
124,1,2,714,5,0,1,94,116,
125,1,2,714,5,0,1,93,112,
126,1,2,715,5,0,16,97,98,
127,0,2,703,5,0,1,97,114,
128,1,2,703,3,0,1,89,138,
129,1,2,815,5,0,1,91,120,
130,0,2,815,5,0,1,89,82,
131,1,2,815,5,0,1,87,97,
132,1,2,815,5,1,1,91,103,
133,1,2,816,5,0,10,85,105,
134,1,2,1109,5,1,1,94,121,
135,0,2,1109,5,1,1,95,105,
136,1,2,1110,5,0,1,94,126,
137,0,2,1110,5,1,1,91,100,
138,0,2,1110,5,0,1,85,103,
139,0,2,511,5,0,1,86,82,
140,1,2,517,5,0,1,86,118,
141,0,2,711,5,0,1,93,110,
142,1,2,714,5,0,1,85,122,
143,0,2,715,5,0,1,93,107,
144,1,2,703,1,1,1,94,116,
145,1,2,703,5,0,16,92,129,
146,1,2,703,5,0,1,92,131,
147,0,2,816,5,1,1,91,128,
148,1,2,817,5,0,1,87,122,
149,1,2,1110,5,0,1,98,133,
150,0,2,1110,5,0,16,90,105,
151,1,2,516,5,0,1,93,125,
152,0,2,516,14,0,1,89,122,
153,0,2,517,1,0,1,85,110,
154,1,2,715,5,0,1,96,123,
155,1,2,715,5,0,1,86,112,
156,1,2,816,5,0,1,85,112,
157,1,2,817,6,1,1,93,134,
158,1,2,1109,5,0,1,87,120,
159,0,2,1109,5,0,11,100,105,
160,1,2,1109,5,1,1,86,103,
161,0,2,1110,5,1,1,90,116,
162,0,2,1110,5,0,1,88,112,
163,1,2,516,5,0,11,94,,
164,1,2,517,5,1,1,87,136,
165,1,2,519,5,0,1,85,120,
166,1,2,519,5,1,1,85,130,
167,0,2,714,5,0,1,91,135,
168,1,2,816,5,0,1,90,126,
169,1,2,1110,1,1,1,85,116,
170,0,2,1110,16,1,1,90,105,
171,0,2,516,5,0,1,94,107,
172,0,2,517,5,1,1,84,130,
173,0,2,715,5,0,1,95,118,
174,1,2,703,5,0,1,89,123,
175,1,2,815,5,0,10,89,140,
176,1,2,1109,5,1,1,91,103,
177,1,2,1110,5,0,1,86,114,
178,0,2,1110,3,0,1,99,,
179,0,2,511,5,0,1,91,87,
180,1,2,511,5,0,1,93,114,
181,1,2,516,5,0,1,89,122,
182,0,2,516,5,0,10,84,114,
183,1,2,516,5,0,8,105,94,
184,0,2,519,5,0,1,92,114,
185,1,2,519,5,0,1,85,114,
186,0,2,711,3,0,1,88,105,
187,0,2,711,5,0,1,92,123,
188,1,2,711,3,1,1,88,132,
189,1,2,715,5,0,1,88,116,
190,0,2,715,3,0,1,97,101,
191,0,2,703,3,0,1,83,135,
192,0,2,703,5,0,1,89,110,
193,0,2,815,5,1,1,92,118,
194,1,2,816,5,1,1,89,114,
195,1,2,816,3,0,1,95,114,
196,0,2,817,5,0,1,93,103,
197,0,2,1110,5,1,1,97,110,
198,0,2,511,5,1,1,85,126,
199,0,2,516,5,0,16,90,103,
200,1,2,519,5,1,1,87,128,
201,0,2,711,5,0,1,92,95,
202,0,2,714,5,0,1,95,118,
203,0,2,714,5,0,1,94,103,
204,1,2,817,3,0,1,91,126,
205,1,2,817,5,0,1,93,123,
206,0,2,817,5,0,1,93,95,
207,0,2,817,5,0,1,92,137,
208,0,2,1109,5,1,1,85,110,
209,1,2,517,5,1,1,93,112,
210,0,2,519,1,1,1,96,120,
211,1,2,714,5,1,1,94,112,
212,0,2,815,5,0,1,96,101,
213,1,2,815,5,1,11,87,114,
214,1,2,816,2,0,1,86,114,
215,1,2,817,14,0,1,84,122,
216,1,2,817,5,0,1,88,128,
217,0,2,817,3,0,1,87,105,
218,0,2,1110,5,1,1,91,112,
219,1,2,511,5,1,1,81,128,
220,0,2,511,14,0,1,92,120,
221,1,2,517,5,1,1,86,116,
222,0,2,519,5,0,1,89,116,
223,0,2,816,5,0,1,86,128,
224,0,2,816,5,1,1,90,95,
225,0,2,817,12,0,1,91,,
226,0,2,1110,3,0,1,94,112,
227,0,2,517,5,1,1,101,112,
228,1,2,517,5,0,1,87,100,
229,0,2,517,5,1,4,95,112,
230,1,2,517,5,0,1,86,126,
231,0,2,714,5,0,1,89,120,
232,0,2,714,8,1,1,103,89,
233,0,2,714,5,0,1,95,129,
234,1,2,703,5,0,1,83,120,
235,0,2,815,5,0,11,93,126,
236,0,2,816,5,1,1,96,116,
237,0,2,817,5,0,1,88,61,
238,0,2,517,5,1,1,85,86,
239,0,2,815,5,0,11,94,112,
240,0,2,1109,5,0,1,98,,
241,0,2,816,5,0,1,92,118,
242,1,2,519,5,0,1,87,92,
243,0,2,517,5,0,10,91,118,
244,1,2,817,5,1,1,83,128,
245,0,2,215,3,0,1,87,114,
246,0,2,215,14,0,1,86,128,
247,0,2,215,5,0,1,90,120,
248,0,2,215,5,1,1,95,105,
249,1,2,215,5,1,1,95,98,
250,1,2,215,14,1,1,87,122,
251,1,2,215,5,1,1,85,61,
252,1,2,215,5,0,1,90,128,
253,0,2,215,3,0,1,86,107,
254,1,2,215,3,0,1,89,105,
255,1,2,215,5,1,1,89,125,
256,1,2,215,5,0,1,94,125,
257,0,2,215,5,0,1,84,110,
258,0,2,215,14,0,1,92,140,
259,1,2,215,5,1,1,91,107,
260,0,2,215,5,0,1,87,125,
261,1,2,215,14,0,1,86,105,
262,1,2,215,5,0,1,91,60,
263,0,2,215,5,0,1,86,123,
264,1,2,215,5,0,1,86,61,
265,1,2,215,2,0,1,91,129,
266,0,2,216,5,0,1,84,114,
267,1,2,216,5,1,1,86,89,
268,0,2,216,5,0,6,96,123,
269,0,2,216,5,0,1,87,97,
270,0,2,216,5,0,1,87,105,
271,1,2,216,2,0,1,88,61,
272,1,2,216,3,0,1,86,123,
273,1,2,216,5,0,16,95,120,
274,0,2,216,3,0,1,87,95,
275,1,2,216,5,1,1,92,121,
276,1,2,216,14,0,1,88,135,
277,1,2,216,5,0,1,90,120,
278,1,2,216,5,1,1,86,103,
279,0,2,216,14,0,1,85,114,
280,0,2,216,5,1,1,88,125,
281,0,2,216,5,1,1,93,105,
282,1,2,216,5,0,1,91,126,
283,0,2,216,5,0,1,93,116,
284,0,2,216,5,0,1,94,100,
285,1,2,216,5,0,1,94,120,
286,0,2,217,5,0,1,93,107,
287,1,2,217,5,0,1,91,93,
288,1,2,217,5,0,1,93,125,
289,0,2,217,5,0,1,88,120,
290,0,2,217,3,1,1,86,107,
291,1,2,217,3,0,1,88,92,
292,0,2,217,5,0,1,92,112,
293,1,2,217,5,0,1,90,120,
294,0,2,217,5,0,1,98,107,
295,0,2,217,3,1,1,95,107,
296,0,2,217,5,0,1,90,110,
297,1,2,217,14,0,1,86,114,
298,1,2,217,5,0,1,95,112,
299,1,2,217,5,1,1,84,126,
300,1,2,217,5,0,1,92,138,
301,0,2,217,5,0,1,95,105,
302,1,2,217,5,0,1,85,116,
303,1,2,217,5,0,1,91,128,
304,0,2,217,5,0,1,89,125,
305,1,2,217,5,0,1,85,61,
306,1,2,217,14,0,16,94,,
307,0,2,218,14,0,1,95,103,
308,1,2,218,5,0,1,88,125,
309,1,2,218,3,0,1,84,133,
310,1,2,218,3,0,1,90,90,
311,1,2,218,5,0,1,94,121,
312,0,2,218,3,0,1,92,95,
313,1,2,218,5,0,1,88,132,
314,1,2,218,3,0,1,88,128,
315,0,2,218,14,0,1,90,129,
316,0,2,218,5,0,1,89,118,
317,1,2,218,5,0,1,93,60,
318,0,2,218,5,0,1,92,112,
319,1,2,218,5,0,1,86,125,
320,1,2,218,5,0,1,98,114,
321,1,2,218,14,0,11,91,100,
322,1,2,218,3,0,1,95,110,
323,1,2,218,5,0,1,88,122,
324,1,2,218,3,0,1,93,118,
325,0,2,218,14,0,1,93,107,
326,0,2,218,5,0,1,98,123,
327,0,2,218,5,0,8,97,,
328,0,2,511,14,0,1,86,100,
329,0,2,511,14,0,1,83,118,
330,0,2,516,5,0,1,85,92,
331,0,2,516,5,0,1,85,89,
332,1,2,516,5,0,1,93,123,
333,0,2,516,5,0,1,89,,
334,1,2,517,5,1,1,85,135,
335,0,2,517,5,0,1,87,128,
336,0,2,519,14,0,1,94,112,
337,0,2,519,5,0,1,108,,
338,0,2,519,3,0,1,111,,
339,1,2,519,5,0,1,97,,
340,1,2,519,5,0,1,99,,
341,0,2,714,5,0,1,87,123,
342,1,2,714,5,0,1,94,98,
343,1,2,715,3,0,1,91,107,
344,0,2,715,5,0,1,90,120,
345,0,2,715,5,0,1,91,87,
346,1,2,715,14,0,11,99,,
347,0,2,519,5,0,1,95,114,
348,0,2,815,5,0,8,85,125,
349,0,2,815,5,0,11,88,116,
350,0,2,1109,5,1,1,89,118,
351,0,2,1109,5,0,1,94,118,
352,0,2,1109,6,0,1,85,100,
353,1,2,1110,3,0,1,84,116,
